scenario_id,scenario_name,game_id,game_name,outcome_metric,parameter,correlation,abs_correlation,direction,rank_within_game
S0,Status quo tight control,G1,Hospital-salience budget game,system_welfare,primary_kpi_salience,0.5334,0.5334,positive,1.0
S0,Status quo tight control,G1,Hospital-salience budget game,system_welfare,marginal_contact_benefit,0.4355,0.4355,positive,2.0
S0,Status quo tight control,G1,Hospital-salience budget game,system_welfare,data_observability,0.3727,0.3727,positive,3.0
S0,Status quo tight control,G1,Hospital-salience budget game,system_welfare,equity_program_strength,0.3081,0.3081,positive,4.0
S0,Status quo tight control,G1,Hospital-salience budget game,system_welfare,ambulance_kpi_salience,0.2965,0.2965,positive,5.0
S0,Status quo tight control,G10,Co-payment calibration game,system_welfare,copayment_protections,0.7417,0.7417,positive,1.0
S0,Status quo tight control,G10,Co-payment calibration game,system_welfare,copayment_level,-0.6075,0.6075,negative,2.0
S0,Status quo tight control,G10,Co-payment calibration game,system_welfare,marginal_contact_benefit,0.227,0.227,positive,3.0
S0,Status quo tight control,G10,Co-payment calibration game,system_welfare,equity_program_strength,0.1403,0.1403,positive,4.0
S0,Status quo tight control,G10,Co-payment calibration game,system_welfare,scope_flexibility,-0.069,0.069,negative,5.0
S0,Status quo tight control,G11,KPI salience game,system_welfare,primary_kpi_salience,0.6295,0.6295,positive,1.0
S0,Status quo tight control,G11,KPI salience game,system_welfare,marginal_contact_benefit,0.4764,0.4764,positive,2.0
S0,Status quo tight control,G11,KPI salience game,system_welfare,ambulance_kpi_salience,0.3886,0.3886,positive,3.0
S0,Status quo tight control,G11,KPI salience game,system_welfare,equity_program_strength,0.2874,0.2874,positive,4.0
S0,Status quo tight control,G11,KPI salience game,system_welfare,data_observability,0.2394,0.2394,positive,5.0
S0,Status quo tight control,G12,Equity and trust game,system_welfare,equity_program_strength,0.6297,0.6297,positive,1.0
S0,Status quo tight control,G12,Equity and trust game,system_welfare,marginal_contact_benefit,0.5415,0.5415,positive,2.0
S0,Status quo tight control,G12,Equity and trust game,system_welfare,stakeholder_alignment,0.3657,0.3657,positive,3.0
S0,Status quo tight control,G12,Equity and trust game,system_welfare,copayment_protections,0.2821,0.2821,positive,4.0
S0,Status quo tight control,G12,Equity and trust game,system_welfare,data_observability,0.1768,0.1768,positive,5.0
S0,Status quo tight control,G13,Political economy game,system_welfare,narrative_coherence,0.5987,0.5987,positive,1.0
S0,Status quo tight control,G13,Political economy game,system_welfare,equity_program_strength,0.4694,0.4694,positive,2.0
S0,Status quo tight control,G13,Political economy game,system_welfare,stakeholder_alignment,0.4388,0.4388,positive,3.0
S0,Status quo tight control,G13,Political economy game,system_welfare,data_observability,0.324,0.324,positive,4.0
S0,Status quo tight control,G13,Political economy game,system_welfare,marginal_contact_benefit,0.2538,0.2538,positive,5.0
S0,Status quo tight control,G14,Data observability game,system_welfare,data_observability,0.9015,0.9015,positive,1.0
S0,Status quo tight control,G14,Data observability game,system_welfare,marginal_contact_benefit,0.3036,0.3036,positive,2.0
S0,Status quo tight control,G14,Data observability game,system_welfare,gaming_controls,0.1893,0.1893,positive,3.0
S0,Status quo tight control,G14,Data observability game,system_welfare,equity_program_strength,0.1764,0.1764,positive,4.0
S0,Status quo tight control,G14,Data observability game,system_welfare,direct_claiming,0.0951,0.0951,positive,5.0
S0,Status quo tight control,G2,Health NZ internal allocation game,system_welfare,data_observability,0.5652,0.5652,positive,1.0
S0,Status quo tight control,G2,Health NZ internal allocation game,system_welfare,marginal_contact_benefit,0.4881,0.4881,positive,2.0
S0,Status quo tight control,G2,Health NZ internal allocation game,system_welfare,equity_program_strength,0.3724,0.3724,positive,3.0
S0,Status quo tight control,G2,Health NZ internal allocation game,system_welfare,primary_kpi_salience,0.2791,0.2791,positive,4.0
S0,Status quo tight control,G2,Health NZ internal allocation game,system_welfare,ambulance_kpi_salience,0.2668,0.2668,positive,5.0
S0,Status quo tight control,G3,Capitation marginal-supply game,system_welfare,capitation_weighting,0.5666,0.5666,positive,1.0
S0,Status quo tight control,G3,Capitation marginal-supply game,system_welfare,copayment_protections,0.501,0.501,positive,2.0
S0,Status quo tight control,G3,Capitation marginal-supply game,system_welfare,marginal_contact_benefit,0.4958,0.4958,positive,3.0
S0,Status quo tight control,G3,Capitation marginal-supply game,system_welfare,equity_program_strength,0.2123,0.2123,positive,4.0
S0,Status quo tight control,G3,Capitation marginal-supply game,system_welfare,budget_tightness,-0.1719,0.1719,negative,5.0
S0,Status quo tight control,G4,Consumer access pathway game,system_welfare,copayment_level,-0.7285,0.7285,negative,1.0
S0,Status quo tight control,G4,Consumer access pathway game,system_welfare,copayment_protections,0.4912,0.4912,positive,2.0
S0,Status quo tight control,G4,Consumer access pathway game,system_welfare,marginal_contact_benefit,0.2833,0.2833,positive,3.0
S0,Status quo tight control,G4,Consumer access pathway game,system_welfare,telehealth_integration,0.1668,0.1668,positive,4.0
S0,Status quo tight control,G4,Consumer access pathway game,system_welfare,ambulance_alternative_funding,0.1555,0.1555,positive,5.0
S0,Status quo tight control,G5,PHO intermediation game,system_welfare,direct_claiming,0.5301,0.5301,positive,1.0
S0,Status quo tight control,G5,PHO intermediation game,system_welfare,pho_transaction_cost,-0.4976,0.4976,negative,2.0
S0,Status quo tight control,G5,PHO intermediation game,system_welfare,equity_program_strength,0.3773,0.3773,positive,3.0
S0,Status quo tight control,G5,PHO intermediation game,system_welfare,marginal_contact_benefit,0.3556,0.3556,positive,4.0
S0,Status quo tight control,G5,PHO intermediation game,system_welfare,data_observability,0.3533,0.3533,positive,5.0
S0,Status quo tight control,G6,ACC/Health NZ cross-funder game,system_welfare,acc_constraint,-0.6556,0.6556,negative,1.0
S0,Status quo tight control,G6,ACC/Health NZ cross-funder game,system_welfare,data_observability,0.458,0.458,positive,2.0
S0,Status quo tight control,G6,ACC/Health NZ cross-funder game,system_welfare,marginal_contact_benefit,0.3764,0.3764,positive,3.0
S0,Status quo tight control,G6,ACC/Health NZ cross-funder game,system_welfare,acc_activity_funding,0.2971,0.2971,positive,4.0
S0,Status quo tight control,G6,ACC/Health NZ cross-funder game,system_welfare,equity_program_strength,0.183,0.183,positive,5.0
S0,Status quo tight control,G7,Ambulance conveyance game,system_welfare,ambulance_alternative_funding,0.7762,0.7762,positive,1.0
S0,Status quo tight control,G7,Ambulance conveyance game,system_welfare,data_observability,0.348,0.348,positive,2.0
S0,Status quo tight control,G7,Ambulance conveyance game,system_welfare,safety_governance,0.3223,0.3223,positive,3.0
S0,Status quo tight control,G7,Ambulance conveyance game,system_welfare,primary_kpi_salience,0.2549,0.2549,positive,4.0
S0,Status quo tight control,G7,Ambulance conveyance game,system_welfare,equity_program_strength,0.2166,0.2166,positive,5.0
S0,Status quo tight control,G8,Scope-of-practice supply game,system_welfare,scope_flexibility,0.8391,0.8391,positive,1.0
S0,Status quo tight control,G8,Scope-of-practice supply game,system_welfare,marginal_contact_benefit,0.3258,0.3258,positive,2.0
S0,Status quo tight control,G8,Scope-of-practice supply game,system_welfare,safety_governance,0.3127,0.3127,positive,3.0
S0,Status quo tight control,G8,Scope-of-practice supply game,system_welfare,gaming_controls,0.1802,0.1802,positive,4.0
S0,Status quo tight control,G8,Scope-of-practice supply game,system_welfare,equity_program_strength,0.1756,0.1756,positive,5.0
S0,Status quo tight control,G9,Telehealth/local-supply game,system_welfare,telehealth_integration,0.8033,0.8033,positive,1.0
S0,Status quo tight control,G9,Telehealth/local-supply game,system_welfare,local_inperson_loading,0.4611,0.4611,positive,2.0
S0,Status quo tight control,G9,Telehealth/local-supply game,system_welfare,marginal_contact_benefit,0.265,0.265,positive,3.0
S0,Status quo tight control,G9,Telehealth/local-supply game,system_welfare,data_observability,0.2257,0.2257,positive,4.0
S0,Status quo tight control,G9,Telehealth/local-supply game,system_welfare,telehealth_scale,-0.1493,0.1493,negative,5.0
S1,Capitation reweighting only,G1,Hospital-salience budget game,system_welfare,marginal_contact_benefit,0.5231,0.5231,positive,1.0
S1,Capitation reweighting only,G1,Hospital-salience budget game,system_welfare,primary_kpi_salience,0.5115,0.5115,positive,2.0
S1,Capitation reweighting only,G1,Hospital-salience budget game,system_welfare,data_observability,0.3608,0.3608,positive,3.0
S1,Capitation reweighting only,G1,Hospital-salience budget game,system_welfare,ambulance_kpi_salience,0.3118,0.3118,positive,4.0
S1,Capitation reweighting only,G1,Hospital-salience budget game,system_welfare,equity_program_strength,0.2929,0.2929,positive,5.0
S1,Capitation reweighting only,G10,Co-payment calibration game,system_welfare,copayment_protections,0.7145,0.7145,positive,1.0
S1,Capitation reweighting only,G10,Co-payment calibration game,system_welfare,copayment_level,-0.5846,0.5846,negative,2.0
S1,Capitation reweighting only,G10,Co-payment calibration game,system_welfare,marginal_contact_benefit,0.3558,0.3558,positive,3.0
S1,Capitation reweighting only,G10,Co-payment calibration game,system_welfare,equity_program_strength,0.1722,0.1722,positive,4.0
S1,Capitation reweighting only,G10,Co-payment calibration game,system_welfare,gaming_controls,0.1535,0.1535,positive,5.0
S1,Capitation reweighting only,G11,KPI salience game,system_welfare,primary_kpi_salience,0.5956,0.5956,positive,1.0
S1,Capitation reweighting only,G11,KPI salience game,system_welfare,marginal_contact_benefit,0.5195,0.5195,positive,2.0
S1,Capitation reweighting only,G11,KPI salience game,system_welfare,ambulance_kpi_salience,0.4141,0.4141,positive,3.0
S1,Capitation reweighting only,G11,KPI salience game,system_welfare,equity_program_strength,0.2503,0.2503,positive,4.0
S1,Capitation reweighting only,G11,KPI salience game,system_welfare,gaming_controls,0.2424,0.2424,positive,5.0
S1,Capitation reweighting only,G12,Equity and trust game,system_welfare,marginal_contact_benefit,0.6216,0.6216,positive,1.0
S1,Capitation reweighting only,G12,Equity and trust game,system_welfare,equity_program_strength,0.6028,0.6028,positive,2.0
S1,Capitation reweighting only,G12,Equity and trust game,system_welfare,stakeholder_alignment,0.3806,0.3806,positive,3.0
S1,Capitation reweighting only,G12,Equity and trust game,system_welfare,copayment_protections,0.2836,0.2836,positive,4.0
S1,Capitation reweighting only,G12,Equity and trust game,system_welfare,scope_flexibility,0.1575,0.1575,positive,5.0
S1,Capitation reweighting only,G13,Political economy game,system_welfare,narrative_coherence,0.5791,0.5791,positive,1.0
S1,Capitation reweighting only,G13,Political economy game,system_welfare,stakeholder_alignment,0.4688,0.4688,positive,2.0
S1,Capitation reweighting only,G13,Political economy game,system_welfare,equity_program_strength,0.4358,0.4358,positive,3.0
S1,Capitation reweighting only,G13,Political economy game,system_welfare,marginal_contact_benefit,0.3809,0.3809,positive,4.0
S1,Capitation reweighting only,G13,Political economy game,system_welfare,data_observability,0.2967,0.2967,positive,5.0
S1,Capitation reweighting only,G14,Data observability game,system_welfare,data_observability,0.891,0.891,positive,1.0
S1,Capitation reweighting only,G14,Data observability game,system_welfare,marginal_contact_benefit,0.3165,0.3165,positive,2.0
S1,Capitation reweighting only,G14,Data observability game,system_welfare,equity_program_strength,0.1764,0.1764,positive,3.0
S1,Capitation reweighting only,G14,Data observability game,system_welfare,direct_claiming,0.1573,0.1573,positive,4.0
S1,Capitation reweighting only,G14,Data observability game,system_welfare,gaming_controls,0.1382,0.1382,positive,5.0
S1,Capitation reweighting only,G2,Health NZ internal allocation game,system_welfare,marginal_contact_benefit,0.5536,0.5536,positive,1.0
S1,Capitation reweighting only,G2,Health NZ internal allocation game,system_welfare,data_observability,0.5324,0.5324,positive,2.0
S1,Capitation reweighting only,G2,Health NZ internal allocation game,system_welfare,equity_program_strength,0.3465,0.3465,positive,3.0
S1,Capitation reweighting only,G2,Health NZ internal allocation game,system_welfare,primary_kpi_salience,0.2929,0.2929,positive,4.0
S1,Capitation reweighting only,G2,Health NZ internal allocation game,system_welfare,ambulance_kpi_salience,0.2788,0.2788,positive,5.0
S1,Capitation reweighting only,G3,Capitation marginal-supply game,system_welfare,marginal_contact_benefit,0.7728,0.7728,positive,1.0
S1,Capitation reweighting only,G3,Capitation marginal-supply game,system_welfare,capitation_weighting,0.3983,0.3983,positive,2.0
S1,Capitation reweighting only,G3,Capitation marginal-supply game,system_welfare,copayment_protections,0.2619,0.2619,positive,3.0
S1,Capitation reweighting only,G3,Capitation marginal-supply game,system_welfare,copayment_level,0.249,0.249,positive,4.0
S1,Capitation reweighting only,G3,Capitation marginal-supply game,system_welfare,equity_program_strength,0.1595,0.1595,positive,5.0
S1,Capitation reweighting only,G4,Consumer access pathway game,system_welfare,copayment_level,-0.72,0.72,negative,1.0
S1,Capitation reweighting only,G4,Consumer access pathway game,system_welfare,copayment_protections,0.4488,0.4488,positive,2.0
S1,Capitation reweighting only,G4,Consumer access pathway game,system_welfare,marginal_contact_benefit,0.3846,0.3846,positive,3.0
S1,Capitation reweighting only,G4,Consumer access pathway game,system_welfare,gaming_controls,0.1771,0.1771,positive,4.0
S1,Capitation reweighting only,G4,Consumer access pathway game,system_welfare,scope_flexibility,0.1677,0.1677,positive,5.0
S1,Capitation reweighting only,G5,PHO intermediation game,system_welfare,direct_claiming,0.6517,0.6517,positive,1.0
S1,Capitation reweighting only,G5,PHO intermediation game,system_welfare,pho_transaction_cost,-0.4214,0.4214,negative,2.0
S1,Capitation reweighting only,G5,PHO intermediation game,system_welfare,marginal_contact_benefit,0.4158,0.4158,positive,3.0
S1,Capitation reweighting only,G5,PHO intermediation game,system_welfare,data_observability,0.341,0.341,positive,4.0
S1,Capitation reweighting only,G5,PHO intermediation game,system_welfare,equity_program_strength,0.3395,0.3395,positive,5.0
S1,Capitation reweighting only,G6,ACC/Health NZ cross-funder game,system_welfare,acc_constraint,-0.6528,0.6528,negative,1.0
S1,Capitation reweighting only,G6,ACC/Health NZ cross-funder game,system_welfare,data_observability,0.4571,0.4571,positive,2.0
S1,Capitation reweighting only,G6,ACC/Health NZ cross-funder game,system_welfare,marginal_contact_benefit,0.4372,0.4372,positive,3.0
S1,Capitation reweighting only,G6,ACC/Health NZ cross-funder game,system_welfare,acc_activity_funding,0.3636,0.3636,positive,4.0
S1,Capitation reweighting only,G6,ACC/Health NZ cross-funder game,system_welfare,direct_claiming,0.2197,0.2197,positive,5.0
S1,Capitation reweighting only,G7,Ambulance conveyance game,system_welfare,ambulance_alternative_funding,0.8153,0.8153,positive,1.0
S1,Capitation reweighting only,G7,Ambulance conveyance game,system_welfare,data_observability,0.3013,0.3013,positive,2.0
S1,Capitation reweighting only,G7,Ambulance conveyance game,system_welfare,safety_governance,0.2768,0.2768,positive,3.0
S1,Capitation reweighting only,G7,Ambulance conveyance game,system_welfare,primary_kpi_salience,0.2713,0.2713,positive,4.0
S1,Capitation reweighting only,G7,Ambulance conveyance game,system_welfare,equity_program_strength,0.1915,0.1915,positive,5.0
S1,Capitation reweighting only,G8,Scope-of-practice supply game,system_welfare,scope_flexibility,0.8289,0.8289,positive,1.0
S1,Capitation reweighting only,G8,Scope-of-practice supply game,system_welfare,marginal_contact_benefit,0.3728,0.3728,positive,2.0
S1,Capitation reweighting only,G8,Scope-of-practice supply game,system_welfare,safety_governance,0.3013,0.3013,positive,3.0
S1,Capitation reweighting only,G8,Scope-of-practice supply game,system_welfare,equity_program_strength,0.156,0.156,positive,4.0
S1,Capitation reweighting only,G8,Scope-of-practice supply game,system_welfare,gaming_controls,0.1406,0.1406,positive,5.0
S1,Capitation reweighting only,G9,Telehealth/local-supply game,system_welfare,telehealth_integration,0.7633,0.7633,positive,1.0
S1,Capitation reweighting only,G9,Telehealth/local-supply game,system_welfare,local_inperson_loading,0.4971,0.4971,positive,2.0
S1,Capitation reweighting only,G9,Telehealth/local-supply game,system_welfare,marginal_contact_benefit,0.3318,0.3318,positive,3.0
S1,Capitation reweighting only,G9,Telehealth/local-supply game,system_welfare,data_observability,0.1912,0.1912,positive,4.0
S1,Capitation reweighting only,G9,Telehealth/local-supply game,system_welfare,gaming_controls,0.1268,0.1268,positive,5.0
S2,Primary Care Benefits Schedule,G1,Hospital-salience budget game,system_welfare,marginal_contact_benefit,0.6046,0.6046,positive,1.0
S2,Primary Care Benefits Schedule,G1,Hospital-salience budget game,system_welfare,primary_kpi_salience,0.4766,0.4766,positive,2.0
S2,Primary Care Benefits Schedule,G1,Hospital-salience budget game,system_welfare,data_observability,0.3188,0.3188,positive,3.0
S2,Primary Care Benefits Schedule,G1,Hospital-salience budget game,system_welfare,equity_program_strength,0.2851,0.2851,positive,4.0
S2,Primary Care Benefits Schedule,G1,Hospital-salience budget game,system_welfare,ambulance_kpi_salience,0.2782,0.2782,positive,5.0
S2,Primary Care Benefits Schedule,G10,Co-payment calibration game,system_welfare,copayment_protections,0.694,0.694,positive,1.0
S2,Primary Care Benefits Schedule,G10,Co-payment calibration game,system_welfare,copayment_level,-0.4354,0.4354,negative,2.0
S2,Primary Care Benefits Schedule,G10,Co-payment calibration game,system_welfare,marginal_contact_benefit,0.4146,0.4146,positive,3.0
S2,Primary Care Benefits Schedule,G10,Co-payment calibration game,system_welfare,gaming_controls,0.2798,0.2798,positive,4.0
S2,Primary Care Benefits Schedule,G10,Co-payment calibration game,system_welfare,equity_program_strength,0.2083,0.2083,positive,5.0
S2,Primary Care Benefits Schedule,G11,KPI salience game,system_welfare,primary_kpi_salience,0.588,0.588,positive,1.0
S2,Primary Care Benefits Schedule,G11,KPI salience game,system_welfare,marginal_contact_benefit,0.5593,0.5593,positive,2.0
S2,Primary Care Benefits Schedule,G11,KPI salience game,system_welfare,ambulance_kpi_salience,0.3743,0.3743,positive,3.0
S2,Primary Care Benefits Schedule,G11,KPI salience game,system_welfare,gaming_controls,0.3443,0.3443,positive,4.0
S2,Primary Care Benefits Schedule,G11,KPI salience game,system_welfare,equity_program_strength,0.2418,0.2418,positive,5.0
S2,Primary Care Benefits Schedule,G12,Equity and trust game,system_welfare,equity_program_strength,0.6594,0.6594,positive,1.0
S2,Primary Care Benefits Schedule,G12,Equity and trust game,system_welfare,marginal_contact_benefit,0.5739,0.5739,positive,2.0
S2,Primary Care Benefits Schedule,G12,Equity and trust game,system_welfare,stakeholder_alignment,0.405,0.405,positive,3.0
S2,Primary Care Benefits Schedule,G12,Equity and trust game,system_welfare,copayment_protections,0.2561,0.2561,positive,4.0
S2,Primary Care Benefits Schedule,G12,Equity and trust game,system_welfare,data_observability,0.1484,0.1484,positive,5.0
S2,Primary Care Benefits Schedule,G13,Political economy game,system_welfare,narrative_coherence,0.5363,0.5363,positive,1.0
S2,Primary Care Benefits Schedule,G13,Political economy game,system_welfare,stakeholder_alignment,0.5251,0.5251,positive,2.0
S2,Primary Care Benefits Schedule,G13,Political economy game,system_welfare,marginal_contact_benefit,0.4536,0.4536,positive,3.0
S2,Primary Care Benefits Schedule,G13,Political economy game,system_welfare,equity_program_strength,0.3125,0.3125,positive,4.0
S2,Primary Care Benefits Schedule,G13,Political economy game,system_welfare,gaming_controls,0.2707,0.2707,positive,5.0
S2,Primary Care Benefits Schedule,G14,Data observability game,system_welfare,data_observability,0.8928,0.8928,positive,1.0
S2,Primary Care Benefits Schedule,G14,Data observability game,system_welfare,marginal_contact_benefit,0.345,0.345,positive,2.0
S2,Primary Care Benefits Schedule,G14,Data observability game,system_welfare,primary_kpi_salience,0.1465,0.1465,positive,3.0
S2,Primary Care Benefits Schedule,G14,Data observability game,system_welfare,equity_program_strength,0.1343,0.1343,positive,4.0
S2,Primary Care Benefits Schedule,G14,Data observability game,system_welfare,gaming_controls,0.1076,0.1076,positive,5.0
S2,Primary Care Benefits Schedule,G2,Health NZ internal allocation game,system_welfare,marginal_contact_benefit,0.6268,0.6268,positive,1.0
S2,Primary Care Benefits Schedule,G2,Health NZ internal allocation game,system_welfare,data_observability,0.4747,0.4747,positive,2.0
S2,Primary Care Benefits Schedule,G2,Health NZ internal allocation game,system_welfare,equity_program_strength,0.3459,0.3459,positive,3.0
S2,Primary Care Benefits Schedule,G2,Health NZ internal allocation game,system_welfare,primary_kpi_salience,0.2913,0.2913,positive,4.0
S2,Primary Care Benefits Schedule,G2,Health NZ internal allocation game,system_welfare,ambulance_kpi_salience,0.2574,0.2574,positive,5.0
S2,Primary Care Benefits Schedule,G3,Capitation marginal-supply game,system_welfare,marginal_contact_benefit,0.8214,0.8214,positive,1.0
S2,Primary Care Benefits Schedule,G3,Capitation marginal-supply game,system_welfare,copayment_level,0.3099,0.3099,positive,2.0
S2,Primary Care Benefits Schedule,G3,Capitation marginal-supply game,system_welfare,capitation_weighting,0.301,0.301,positive,3.0
S2,Primary Care Benefits Schedule,G3,Capitation marginal-supply game,system_welfare,pho_transaction_cost,-0.1803,0.1803,negative,4.0
S2,Primary Care Benefits Schedule,G3,Capitation marginal-supply game,system_welfare,budget_tightness,-0.1273,0.1273,negative,5.0
S2,Primary Care Benefits Schedule,G4,Consumer access pathway game,system_welfare,copayment_level,-0.6797,0.6797,negative,1.0
S2,Primary Care Benefits Schedule,G4,Consumer access pathway game,system_welfare,copayment_protections,0.4142,0.4142,positive,2.0
S2,Primary Care Benefits Schedule,G4,Consumer access pathway game,system_welfare,marginal_contact_benefit,0.3693,0.3693,positive,3.0
S2,Primary Care Benefits Schedule,G4,Consumer access pathway game,system_welfare,telehealth_integration,0.2175,0.2175,positive,4.0
S2,Primary Care Benefits Schedule,G4,Consumer access pathway game,system_welfare,gaming_controls,0.2132,0.2132,positive,5.0
S2,Primary Care Benefits Schedule,G5,PHO intermediation game,system_welfare,direct_claiming,0.6906,0.6906,positive,1.0
S2,Primary Care Benefits Schedule,G5,PHO intermediation game,system_welfare,pho_transaction_cost,-0.4183,0.4183,negative,2.0
S2,Primary Care Benefits Schedule,G5,PHO intermediation game,system_welfare,marginal_contact_benefit,0.4139,0.4139,positive,3.0
S2,Primary Care Benefits Schedule,G5,PHO intermediation game,system_welfare,equity_program_strength,0.3195,0.3195,positive,4.0
S2,Primary Care Benefits Schedule,G5,PHO intermediation game,system_welfare,data_observability,0.2674,0.2674,positive,5.0
S2,Primary Care Benefits Schedule,G6,ACC/Health NZ cross-funder game,system_welfare,acc_constraint,-0.6525,0.6525,negative,1.0
S2,Primary Care Benefits Schedule,G6,ACC/Health NZ cross-funder game,system_welfare,marginal_contact_benefit,0.4593,0.4593,positive,2.0
S2,Primary Care Benefits Schedule,G6,ACC/Health NZ cross-funder game,system_welfare,data_observability,0.421,0.421,positive,3.0
S2,Primary Care Benefits Schedule,G6,ACC/Health NZ cross-funder game,system_welfare,acc_activity_funding,0.335,0.335,positive,4.0
S2,Primary Care Benefits Schedule,G6,ACC/Health NZ cross-funder game,system_welfare,equity_program_strength,0.215,0.215,positive,5.0
S2,Primary Care Benefits Schedule,G7,Ambulance conveyance game,system_welfare,ambulance_alternative_funding,0.7931,0.7931,positive,1.0
S2,Primary Care Benefits Schedule,G7,Ambulance conveyance game,system_welfare,safety_governance,0.4146,0.4146,positive,2.0
S2,Primary Care Benefits Schedule,G7,Ambulance conveyance game,system_welfare,data_observability,0.2693,0.2693,positive,3.0
S2,Primary Care Benefits Schedule,G7,Ambulance conveyance game,system_welfare,ambulance_kpi_salience,0.2427,0.2427,positive,4.0
S2,Primary Care Benefits Schedule,G7,Ambulance conveyance game,system_welfare,primary_kpi_salience,0.1824,0.1824,positive,5.0
S2,Primary Care Benefits Schedule,G8,Scope-of-practice supply game,system_welfare,scope_flexibility,0.667,0.667,positive,1.0
S2,Primary Care Benefits Schedule,G8,Scope-of-practice supply game,system_welfare,safety_governance,0.5917,0.5917,positive,2.0
S2,Primary Care Benefits Schedule,G8,Scope-of-practice supply game,system_welfare,marginal_contact_benefit,0.3633,0.3633,positive,3.0
S2,Primary Care Benefits Schedule,G8,Scope-of-practice supply game,system_welfare,gaming_controls,0.1583,0.1583,positive,4.0
S2,Primary Care Benefits Schedule,G8,Scope-of-practice supply game,system_welfare,equity_program_strength,0.1313,0.1313,positive,5.0
S2,Primary Care Benefits Schedule,G9,Telehealth/local-supply game,system_welfare,telehealth_integration,0.7744,0.7744,positive,1.0
S2,Primary Care Benefits Schedule,G9,Telehealth/local-supply game,system_welfare,local_inperson_loading,0.474,0.474,positive,2.0
S2,Primary Care Benefits Schedule,G9,Telehealth/local-supply game,system_welfare,marginal_contact_benefit,0.2893,0.2893,positive,3.0
S2,Primary Care Benefits Schedule,G9,Telehealth/local-supply game,system_welfare,equity_program_strength,0.1648,0.1648,positive,4.0
S2,Primary Care Benefits Schedule,G9,Telehealth/local-supply game,system_welfare,gaming_controls,0.1626,0.1626,positive,5.0
S3,Full upstream access architecture,G1,Hospital-salience budget game,system_welfare,marginal_contact_benefit,0.5755,0.5755,positive,1.0
S3,Full upstream access architecture,G1,Hospital-salience budget game,system_welfare,primary_kpi_salience,0.4987,0.4987,positive,2.0
S3,Full upstream access architecture,G1,Hospital-salience budget game,system_welfare,data_observability,0.332,0.332,positive,3.0
S3,Full upstream access architecture,G1,Hospital-salience budget game,system_welfare,equity_program_strength,0.3056,0.3056,positive,4.0
S3,Full upstream access architecture,G1,Hospital-salience budget game,system_welfare,gaming_controls,0.2711,0.2711,positive,5.0
S3,Full upstream access architecture,G10,Co-payment calibration game,system_welfare,copayment_protections,0.6486,0.6486,positive,1.0
S3,Full upstream access architecture,G10,Co-payment calibration game,system_welfare,marginal_contact_benefit,0.5294,0.5294,positive,2.0
S3,Full upstream access architecture,G10,Co-payment calibration game,system_welfare,gaming_controls,0.377,0.377,positive,3.0
S3,Full upstream access architecture,G10,Co-payment calibration game,system_welfare,equity_program_strength,0.2835,0.2835,positive,4.0
S3,Full upstream access architecture,G10,Co-payment calibration game,system_welfare,copayment_level,-0.1208,0.1208,negative,5.0
S3,Full upstream access architecture,G11,KPI salience game,system_welfare,primary_kpi_salience,0.6275,0.6275,positive,1.0
S3,Full upstream access architecture,G11,KPI salience game,system_welfare,marginal_contact_benefit,0.4427,0.4427,positive,2.0
S3,Full upstream access architecture,G11,KPI salience game,system_welfare,gaming_controls,0.396,0.396,positive,3.0
S3,Full upstream access architecture,G11,KPI salience game,system_welfare,ambulance_kpi_salience,0.3643,0.3643,positive,4.0
S3,Full upstream access architecture,G11,KPI salience game,system_welfare,equity_program_strength,0.2627,0.2627,positive,5.0
S3,Full upstream access architecture,G12,Equity and trust game,system_welfare,marginal_contact_benefit,0.6338,0.6338,positive,1.0
S3,Full upstream access architecture,G12,Equity and trust game,system_welfare,equity_program_strength,0.583,0.583,positive,2.0
S3,Full upstream access architecture,G12,Equity and trust game,system_welfare,stakeholder_alignment,0.3871,0.3871,positive,3.0
S3,Full upstream access architecture,G12,Equity and trust game,system_welfare,copayment_protections,0.216,0.216,positive,4.0
S3,Full upstream access architecture,G12,Equity and trust game,system_welfare,scope_flexibility,0.1915,0.1915,positive,5.0
S3,Full upstream access architecture,G13,Political economy game,system_welfare,narrative_coherence,0.5714,0.5714,positive,1.0
S3,Full upstream access architecture,G13,Political economy game,system_welfare,stakeholder_alignment,0.5179,0.5179,positive,2.0
S3,Full upstream access architecture,G13,Political economy game,system_welfare,marginal_contact_benefit,0.4582,0.4582,positive,3.0
S3,Full upstream access architecture,G13,Political economy game,system_welfare,equity_program_strength,0.3314,0.3314,positive,4.0
S3,Full upstream access architecture,G13,Political economy game,system_welfare,data_observability,0.2524,0.2524,positive,5.0
S3,Full upstream access architecture,G14,Data observability game,system_welfare,data_observability,0.9076,0.9076,positive,1.0
S3,Full upstream access architecture,G14,Data observability game,system_welfare,marginal_contact_benefit,0.2533,0.2533,positive,2.0
S3,Full upstream access architecture,G14,Data observability game,system_welfare,primary_kpi_salience,0.2097,0.2097,positive,3.0
S3,Full upstream access architecture,G14,Data observability game,system_welfare,gaming_controls,0.1674,0.1674,positive,4.0
S3,Full upstream access architecture,G14,Data observability game,system_welfare,equity_program_strength,0.1433,0.1433,positive,5.0
S3,Full upstream access architecture,G2,Health NZ internal allocation game,system_welfare,marginal_contact_benefit,0.5583,0.5583,positive,1.0
S3,Full upstream access architecture,G2,Health NZ internal allocation game,system_welfare,data_observability,0.4763,0.4763,positive,2.0
S3,Full upstream access architecture,G2,Health NZ internal allocation game,system_welfare,equity_program_strength,0.3658,0.3658,positive,3.0
S3,Full upstream access architecture,G2,Health NZ internal allocation game,system_welfare,primary_kpi_salience,0.3543,0.3543,positive,4.0
S3,Full upstream access architecture,G2,Health NZ internal allocation game,system_welfare,ambulance_kpi_salience,0.2386,0.2386,positive,5.0
S3,Full upstream access architecture,G3,Capitation marginal-supply game,system_welfare,marginal_contact_benefit,0.7077,0.7077,positive,1.0
S3,Full upstream access architecture,G3,Capitation marginal-supply game,system_welfare,capitation_weighting,0.411,0.411,positive,2.0
S3,Full upstream access architecture,G3,Capitation marginal-supply game,system_welfare,copayment_level,0.2605,0.2605,positive,3.0
S3,Full upstream access architecture,G3,Capitation marginal-supply game,system_welfare,copayment_protections,0.2011,0.2011,positive,4.0
S3,Full upstream access architecture,G3,Capitation marginal-supply game,system_welfare,gaming_controls,0.1868,0.1868,positive,5.0
S3,Full upstream access architecture,G4,Consumer access pathway game,system_welfare,copayment_level,-0.6273,0.6273,negative,1.0
S3,Full upstream access architecture,G4,Consumer access pathway game,system_welfare,marginal_contact_benefit,0.4233,0.4233,positive,2.0
S3,Full upstream access architecture,G4,Consumer access pathway game,system_welfare,copayment_protections,0.3546,0.3546,positive,3.0
S3,Full upstream access architecture,G4,Consumer access pathway game,system_welfare,gaming_controls,0.2658,0.2658,positive,4.0
S3,Full upstream access architecture,G4,Consumer access pathway game,system_welfare,scope_flexibility,0.2601,0.2601,positive,5.0
S3,Full upstream access architecture,G5,PHO intermediation game,system_welfare,direct_claiming,0.7072,0.7072,positive,1.0
S3,Full upstream access architecture,G5,PHO intermediation game,system_welfare,pho_transaction_cost,-0.416,0.416,negative,2.0
S3,Full upstream access architecture,G5,PHO intermediation game,system_welfare,marginal_contact_benefit,0.3479,0.3479,positive,3.0
S3,Full upstream access architecture,G5,PHO intermediation game,system_welfare,equity_program_strength,0.3299,0.3299,positive,4.0
S3,Full upstream access architecture,G5,PHO intermediation game,system_welfare,data_observability,0.2593,0.2593,positive,5.0
S3,Full upstream access architecture,G6,ACC/Health NZ cross-funder game,system_welfare,marginal_contact_benefit,0.5171,0.5171,positive,1.0
S3,Full upstream access architecture,G6,ACC/Health NZ cross-funder game,system_welfare,acc_constraint,-0.4741,0.4741,negative,2.0
S3,Full upstream access architecture,G6,ACC/Health NZ cross-funder game,system_welfare,data_observability,0.4718,0.4718,positive,3.0
S3,Full upstream access architecture,G6,ACC/Health NZ cross-funder game,system_welfare,acc_activity_funding,0.3737,0.3737,positive,4.0
S3,Full upstream access architecture,G6,ACC/Health NZ cross-funder game,system_welfare,equity_program_strength,0.227,0.227,positive,5.0
S3,Full upstream access architecture,G7,Ambulance conveyance game,system_welfare,ambulance_alternative_funding,0.8397,0.8397,positive,1.0
S3,Full upstream access architecture,G7,Ambulance conveyance game,system_welfare,safety_governance,0.3956,0.3956,positive,2.0
S3,Full upstream access architecture,G7,Ambulance conveyance game,system_welfare,ambulance_kpi_salience,0.25,0.25,positive,3.0
S3,Full upstream access architecture,G7,Ambulance conveyance game,system_welfare,data_observability,0.2409,0.2409,positive,4.0
S3,Full upstream access architecture,G7,Ambulance conveyance game,system_welfare,equity_program_strength,0.1737,0.1737,positive,5.0
S3,Full upstream access architecture,G8,Scope-of-practice supply game,system_welfare,scope_flexibility,0.6989,0.6989,positive,1.0
S3,Full upstream access architecture,G8,Scope-of-practice supply game,system_welfare,safety_governance,0.637,0.637,positive,2.0
S3,Full upstream access architecture,G8,Scope-of-practice supply game,system_welfare,marginal_contact_benefit,0.2918,0.2918,positive,3.0
S3,Full upstream access architecture,G8,Scope-of-practice supply game,system_welfare,equity_program_strength,0.1557,0.1557,positive,4.0
S3,Full upstream access architecture,G8,Scope-of-practice supply game,system_welfare,gaming_controls,0.0964,0.0964,positive,5.0
S3,Full upstream access architecture,G9,Telehealth/local-supply game,system_welfare,telehealth_integration,0.7512,0.7512,positive,1.0
S3,Full upstream access architecture,G9,Telehealth/local-supply game,system_welfare,local_inperson_loading,0.4487,0.4487,positive,2.0
S3,Full upstream access architecture,G9,Telehealth/local-supply game,system_welfare,marginal_contact_benefit,0.3164,0.3164,positive,3.0
S3,Full upstream access architecture,G9,Telehealth/local-supply game,system_welfare,telehealth_scale,0.2021,0.2021,positive,4.0
S3,Full upstream access architecture,G9,Telehealth/local-supply game,system_welfare,data_observability,0.1922,0.1922,positive,5.0
S4,"Loose benefits, weak controls",G1,Hospital-salience budget game,system_welfare,primary_kpi_salience,0.5396,0.5396,positive,1.0
S4,"Loose benefits, weak controls",G1,Hospital-salience budget game,system_welfare,marginal_contact_benefit,0.3803,0.3803,positive,2.0
S4,"Loose benefits, weak controls",G1,Hospital-salience budget game,system_welfare,data_observability,0.3348,0.3348,positive,3.0
S4,"Loose benefits, weak controls",G1,Hospital-salience budget game,system_welfare,equity_program_strength,0.3323,0.3323,positive,4.0
S4,"Loose benefits, weak controls",G1,Hospital-salience budget game,system_welfare,gaming_controls,0.3056,0.3056,positive,5.0
S4,"Loose benefits, weak controls",G10,Co-payment calibration game,system_welfare,copayment_protections,0.6946,0.6946,positive,1.0
S4,"Loose benefits, weak controls",G10,Co-payment calibration game,system_welfare,copayment_level,-0.6433,0.6433,negative,2.0
S4,"Loose benefits, weak controls",G10,Co-payment calibration game,system_welfare,gaming_controls,0.296,0.296,positive,3.0
S4,"Loose benefits, weak controls",G10,Co-payment calibration game,system_welfare,equity_program_strength,0.1264,0.1264,positive,4.0
S4,"Loose benefits, weak controls",G10,Co-payment calibration game,system_welfare,marginal_contact_benefit,0.11,0.11,positive,5.0
S4,"Loose benefits, weak controls",G11,KPI salience game,system_welfare,primary_kpi_salience,0.5023,0.5023,positive,1.0
S4,"Loose benefits, weak controls",G11,KPI salience game,system_welfare,gaming_controls,0.4769,0.4769,positive,2.0
S4,"Loose benefits, weak controls",G11,KPI salience game,system_welfare,marginal_contact_benefit,0.4515,0.4515,positive,3.0
S4,"Loose benefits, weak controls",G11,KPI salience game,system_welfare,ambulance_kpi_salience,0.313,0.313,positive,4.0
S4,"Loose benefits, weak controls",G11,KPI salience game,system_welfare,data_observability,0.2894,0.2894,positive,5.0
S4,"Loose benefits, weak controls",G12,Equity and trust game,system_welfare,equity_program_strength,0.6776,0.6776,positive,1.0
S4,"Loose benefits, weak controls",G12,Equity and trust game,system_welfare,marginal_contact_benefit,0.3984,0.3984,positive,2.0
S4,"Loose benefits, weak controls",G12,Equity and trust game,system_welfare,stakeholder_alignment,0.375,0.375,positive,3.0
S4,"Loose benefits, weak controls",G12,Equity and trust game,system_welfare,copayment_protections,0.3078,0.3078,positive,4.0
S4,"Loose benefits, weak controls",G12,Equity and trust game,system_welfare,local_inperson_loading,0.16,0.16,positive,5.0
S4,"Loose benefits, weak controls",G13,Political economy game,system_welfare,narrative_coherence,0.6141,0.6141,positive,1.0
S4,"Loose benefits, weak controls",G13,Political economy game,system_welfare,stakeholder_alignment,0.5435,0.5435,positive,2.0
S4,"Loose benefits, weak controls",G13,Political economy game,system_welfare,gaming_controls,0.4232,0.4232,positive,3.0
S4,"Loose benefits, weak controls",G13,Political economy game,system_welfare,direct_claiming,-0.23,0.23,negative,4.0
S4,"Loose benefits, weak controls",G13,Political economy game,system_welfare,equity_program_strength,0.2223,0.2223,positive,5.0
S4,"Loose benefits, weak controls",G14,Data observability game,system_welfare,data_observability,0.9305,0.9305,positive,1.0
S4,"Loose benefits, weak controls",G14,Data observability game,system_welfare,marginal_contact_benefit,0.165,0.165,positive,2.0
S4,"Loose benefits, weak controls",G14,Data observability game,system_welfare,equity_program_strength,0.1346,0.1346,positive,3.0
S4,"Loose benefits, weak controls",G14,Data observability game,system_welfare,gaming_controls,0.1317,0.1317,positive,4.0
S4,"Loose benefits, weak controls",G14,Data observability game,system_welfare,primary_kpi_salience,0.113,0.113,positive,5.0
S4,"Loose benefits, weak controls",G2,Health NZ internal allocation game,system_welfare,data_observability,0.5182,0.5182,positive,1.0
S4,"Loose benefits, weak controls",G2,Health NZ internal allocation game,system_welfare,marginal_contact_benefit,0.4737,0.4737,positive,2.0
S4,"Loose benefits, weak controls",G2,Health NZ internal allocation game,system_welfare,equity_program_strength,0.3963,0.3963,positive,3.0
S4,"Loose benefits, weak controls",G2,Health NZ internal allocation game,system_welfare,ambulance_kpi_salience,0.252,0.252,positive,4.0
S4,"Loose benefits, weak controls",G2,Health NZ internal allocation game,system_welfare,primary_kpi_salience,0.2424,0.2424,positive,5.0
S4,"Loose benefits, weak controls",G3,Capitation marginal-supply game,system_welfare,capitation_weighting,0.5441,0.5441,positive,1.0
S4,"Loose benefits, weak controls",G3,Capitation marginal-supply game,system_welfare,copayment_protections,0.5034,0.5034,positive,2.0
S4,"Loose benefits, weak controls",G3,Capitation marginal-supply game,system_welfare,gaming_controls,0.4292,0.4292,positive,3.0
S4,"Loose benefits, weak controls",G3,Capitation marginal-supply game,system_welfare,equity_program_strength,0.2707,0.2707,positive,4.0
S4,"Loose benefits, weak controls",G3,Capitation marginal-supply game,system_welfare,marginal_contact_benefit,0.2093,0.2093,positive,5.0
S4,"Loose benefits, weak controls",G4,Consumer access pathway game,system_welfare,copayment_level,-0.749,0.749,negative,1.0
S4,"Loose benefits, weak controls",G4,Consumer access pathway game,system_welfare,copayment_protections,0.4821,0.4821,positive,2.0
S4,"Loose benefits, weak controls",G4,Consumer access pathway game,system_welfare,gaming_controls,0.2118,0.2118,positive,3.0
S4,"Loose benefits, weak controls",G4,Consumer access pathway game,system_welfare,marginal_contact_benefit,0.1956,0.1956,positive,4.0
S4,"Loose benefits, weak controls",G4,Consumer access pathway game,system_welfare,telehealth_integration,0.1831,0.1831,positive,5.0
S4,"Loose benefits, weak controls",G5,PHO intermediation game,system_welfare,direct_claiming,0.6151,0.6151,positive,1.0
S4,"Loose benefits, weak controls",G5,PHO intermediation game,system_welfare,equity_program_strength,0.4545,0.4545,positive,2.0
S4,"Loose benefits, weak controls",G5,PHO intermediation game,system_welfare,pho_transaction_cost,-0.4428,0.4428,negative,3.0
S4,"Loose benefits, weak controls",G5,PHO intermediation game,system_welfare,marginal_contact_benefit,0.3457,0.3457,positive,4.0
S4,"Loose benefits, weak controls",G5,PHO intermediation game,system_welfare,data_observability,0.3094,0.3094,positive,5.0
S4,"Loose benefits, weak controls",G6,ACC/Health NZ cross-funder game,system_welfare,acc_constraint,-0.4928,0.4928,negative,1.0
S4,"Loose benefits, weak controls",G6,ACC/Health NZ cross-funder game,system_welfare,data_observability,0.4682,0.4682,positive,2.0
S4,"Loose benefits, weak controls",G6,ACC/Health NZ cross-funder game,system_welfare,marginal_contact_benefit,0.4002,0.4002,positive,3.0
S4,"Loose benefits, weak controls",G6,ACC/Health NZ cross-funder game,system_welfare,acc_activity_funding,0.3751,0.3751,positive,4.0
S4,"Loose benefits, weak controls",G6,ACC/Health NZ cross-funder game,system_welfare,direct_claiming,0.261,0.261,positive,5.0
S4,"Loose benefits, weak controls",G7,Ambulance conveyance game,system_welfare,safety_governance,0.5858,0.5858,positive,1.0
S4,"Loose benefits, weak controls",G7,Ambulance conveyance game,system_welfare,ambulance_alternative_funding,0.5601,0.5601,positive,2.0
S4,"Loose benefits, weak controls",G7,Ambulance conveyance game,system_welfare,data_observability,0.3923,0.3923,positive,3.0
S4,"Loose benefits, weak controls",G7,Ambulance conveyance game,system_welfare,ambulance_kpi_salience,0.2643,0.2643,positive,4.0
S4,"Loose benefits, weak controls",G7,Ambulance conveyance game,system_welfare,equity_program_strength,0.2102,0.2102,positive,5.0
S4,"Loose benefits, weak controls",G8,Scope-of-practice supply game,system_welfare,safety_governance,0.9517,0.9517,positive,1.0
S4,"Loose benefits, weak controls",G8,Scope-of-practice supply game,system_welfare,marginal_contact_benefit,0.2137,0.2137,positive,2.0
S4,"Loose benefits, weak controls",G8,Scope-of-practice supply game,system_welfare,gaming_controls,0.1254,0.1254,positive,3.0
S4,"Loose benefits, weak controls",G8,Scope-of-practice supply game,system_welfare,equity_program_strength,0.1054,0.1054,positive,4.0
S4,"Loose benefits, weak controls",G8,Scope-of-practice supply game,system_welfare,direct_claiming,0.0907,0.0907,positive,5.0
S4,"Loose benefits, weak controls",G9,Telehealth/local-supply game,system_welfare,telehealth_integration,0.8235,0.8235,positive,1.0
S4,"Loose benefits, weak controls",G9,Telehealth/local-supply game,system_welfare,local_inperson_loading,0.4156,0.4156,positive,2.0
S4,"Loose benefits, weak controls",G9,Telehealth/local-supply game,system_welfare,data_observability,0.2245,0.2245,positive,3.0
S4,"Loose benefits, weak controls",G9,Telehealth/local-supply game,system_welfare,marginal_contact_benefit,0.1651,0.1651,positive,4.0
S4,"Loose benefits, weak controls",G9,Telehealth/local-supply game,system_welfare,gaming_controls,0.1549,0.1549,positive,5.0
